<?xml version="1.0" encoding="UTF-8"?>
<project-private xmlns="http://www.netbeans.org/ns/project-private/1">
    <editor-bookmarks xmlns="http://www.netbeans.org/ns/editor-bookmarks/2" lastBookmarkId="0"/>
    <open-files xmlns="http://www.netbeans.org/ns/projectui-open-files/2">
        <group>
            <file>file:/C:/Users/zyq02/OneDrive/Desktop/ChessGUI/src/chessgui/BoardFrame.java</file>
            <file>file:/C:/Users/zyq02/OneDrive/Desktop/ChessGUI/src/chessgui/pieces/Horse.java</file>
            <file>file:/C:/Users/zyq02/OneDrive/Desktop/ChessGUI/src/chessgui/ChessGUI.java</file>
            <file>file:/C:/Users/zyq02/OneDrive/Desktop/ChessGUI/src/chessgui/pieces/Piece.java</file>
            <file>file:/C:/Users/zyq02/OneDrive/Desktop/ChessGUI/src/chessgui/Board.java</file>
            <file>file:/C:/Users/zyq02/OneDrive/Desktop/ChessGUI/src/chessgui/pieces/Elephant.java</file>
            <file>file:/C:/Users/zyq02/OneDrive/Desktop/ChessGUI/src/chessgui/pieces/General.java</file>
            <file>file:/C:/Users/zyq02/OneDrive/Desktop/ChessGUI/src/chessgui/pieces/Guard.java</file>
            <file>file:/C:/Users/zyq02/OneDrive/Desktop/ChessGUI/src/chessgui/pieces/Cannon.java</file>
        </group>
    </open-files>
</project-private>
