<?xml version="1.0" encoding="UTF-8"?>
<project-private xmlns="http://www.netbeans.org/ns/project-private/1">
    <editor-bookmarks xmlns="http://www.netbeans.org/ns/editor-bookmarks/2" lastBookmarkId="0"/>
    <open-files xmlns="http://www.netbeans.org/ns/projectui-open-files/2">
        <group>
            <file>file:/C:/Users/zyq02/OneDrive/Desktop/ICS4U/Chess/src/ChineseChess/Elephant.java</file>
            <file>file:/C:/Users/zyq02/OneDrive/Desktop/ICS4U/Chess/src/ChineseChess/BoardGUI.java</file>
            <file>file:/C:/Users/zyq02/OneDrive/Desktop/ICS4U/Chess/src/ChineseChess/ChessGUI.java</file>
            <file>file:/C:/Users/zyq02/OneDrive/Desktop/ICS4U/Chess/src/ChineseChess/NewJPanel.java</file>
        </group>
    </open-files>
</project-private>
